Date,^STOXX50E,^GSPC,^IXIC,^N225
2022-01-03,0.03771429315487216,0.02280866720618807,0.029450164190016705,0.021419530886396563
2022-01-04,0.04025422182852292,0.021501882082237668,0.031649232952205175,0.022620891589974434
2022-01-05,0.037493416961425975,0.047984628937615376,0.1714714188228894,0.022151706687542867
2022-01-06,0.058970759006103046,0.02235230883836506,0.04269282730178287,0.038933844131630146
2022-01-07,0.03755797967518302,0.02237782122330703,0.030518599977003014,0.02606128744279911
2022-01-10,0.05828612952348309,0.02171912857933347,0.02709951558981318,0.024927079039605324
2022-01-11,0.04357164447370836,0.024029749556124858,0.027630621396823957,0.02409363141541827
2022-01-12,0.04107024149801469,0.0215421391313528,0.030323283823605947,0.025120493366627885
2022-01-13,0.03646015155233271,0.030546457377319577,0.06409683907339,0.02504354391015965
2022-01-14,0.0436800454675183,0.02154569282080933,0.036414387143827005,0.024836449764951883
2022-01-17,0.03941096851037758,0.021187707059917047,0.025906947933434423,0.02453165074552563
2022-01-18,0.043996306693650004,0.04412614846115353,0.050378387145196296,0.023761688766062838
2022-01-19,0.036471146631074994,0.024868412536825004,0.031419578432141375,0.033089163555308075
2022-01-20,0.03944109845903074,0.026002459543860656,0.030036064830732324,0.02714983903793557
2022-01-21,0.06264745916350822,0.042623292500459736,0.04414463212299523,0.026571599662442425
2022-01-24,1.0703528188017513,0.023217790552061725,0.03305141974284723,0.025738837332469733
2022-01-25,0.07763538289197792,0.02745389830577762,0.03673049186360596,0.02559366918088545
2022-01-26,0.07102781957098084,0.022902611033123257,0.03158822138336443,0.025380328444941227
2022-01-27,0.043513816045323006,0.023207080644178393,0.03009660632501998,0.03740892812504834
2022-01-28,0.04790770584508354,0.07194769734854826,0.0520316000930119,0.030171852253883538
2022-01-31,0.044408262810093135,0.03799948699194002,0.04779398894523329,0.030131769195309827
2022-02-01,0.04771592852034629,0.025675261336591607,0.04036310508212229,0.02913050177026541
2022-02-02,0.038779604875576655,0.026435606087985522,0.035090425863205287,0.028466371504163875
2022-02-03,0.07260819065592176,0.060705479256803196,0.0782794796154335,0.0282829030453636
2022-02-04,0.05036614697361613,0.026341416354528642,0.041786188872083574,0.027515376321508217
2022-02-07,0.04262172030667898,0.025702846258693592,0.03709566064112033,0.02658329499455547
2022-02-08,0.038241743590212804,0.02649669418328481,0.03355203113301491,0.025614928867497957
2022-02-09,0.06679109621550681,0.030468080753097065,0.035117288150149965,0.024824856149943852
2022-02-10,0.03835611393690047,0.036040572493677925,0.03614899923972205,0.024277546281191772
2022-02-11,0.043960077528480815,0.03736649453093585,0.052101560937557516,0.023357680171983575
2022-02-14,0.09421120770565308,0.02660495980355182,0.03601689789236877,0.026164114792726137
2022-02-15,0.07020313740940312,0.03211787028525611,0.03889150637051546,0.025003911229776906
2022-02-16,0.039806716053763264,0.02621110588542649,0.03385008610713588,0.0266740189662925
2022-02-17,0.04033030888394286,0.04248517139483235,0.05509845855682595,0.02628131760292455
2022-02-18,0.043432168382098554,0.027566232966736978,0.03606071351745584,0.025445117527190322
2022-02-21,0.09172441766307153,0.026321278653623038,0.03186871180847794,0.02457676200461686
2022-02-22,0.03921265673149572,0.02795379196161636,0.02962462307483707,0.024969028731446626
2022-02-23,0.03846540760697304,0.036288365968982335,0.041579755755431096,0.02473535462299565
2022-02-24,0.5664680176250368,0.03145169873701341,0.048536368727855314,0.02510441362745642
2022-02-25,0.29647227797556464,0.04331857880934277,0.03978773812338802,0.026285053020085748
2022-02-28,0.05495652911025874,0.027545960700652107,0.035462296857741236,0.026056713071167123
2022-03-01,0.31335782375395793,0.032409018419697726,0.03337894278305012,0.025308985792313346
2022-03-02,0.0597065873315795,0.03579413583101137,0.032730398210749016,0.025737496108037678
2022-03-03,0.06665040977921459,0.028077139430642353,0.032113209159820674,0.02559189512033845
2022-03-04,0.674285039229868,0.028272159493517003,0.03219071894036587,0.027226985616498146
2022-03-07,0.07304246065016311,0.07836539008137142,0.06631655074330624,0.032737891596673126
2022-03-08,0.049312485968623865,0.02973629413481571,0.039039700768578094,0.03085060924273227
2022-03-09,1.311296061639615,0.04903096759922332,0.05078680047928315,0.03034846237694079
2022-03-10,0.1800217036210831,0.029954609365392494,0.04094952446169124,0.04430465126928526
2022-03-11,0.06028831237748257,0.031939504250765915,0.03938430077300742,0.03538244384594243
2022-03-14,0.05899770674787194,0.029856351516320774,0.03874936441142034,0.03490596347837138
2022-03-15,0.050523357321278044,0.039619087705601644,0.04300370001505879,0.03326718515938528
2022-03-16,0.197121960444556,0.04098410135511631,0.05096570583873605,0.032070044146344
2022-03-17,0.051409560827133965,0.03226594688364637,0.04452888491511391,0.03657344637769474
2022-03-18,0.047806657743076866,0.03181849291135528,0.05119878194240032,0.035207659531728636
2022-03-21,0.04580402082162216,0.029616477002586447,0.03721956909705875,0.03357650972304934
2022-03-22,0.04873276473169724,0.03100643107328794,0.035813540233285715,0.03224428277210658
2022-03-23,0.05324281085255216,0.03132598409730913,0.03363409615367523,0.034233298161220005
2022-03-24,0.041086851772262886,0.03228478017869519,0.04243350166823727,0.03396310217243317
2022-03-25,0.039599815976985,0.029051978039549342,0.030546365637725576,0.03229523750281283
2022-03-28,0.03977370819780732,0.02897905202684798,0.029017812765895486,0.03080291867604624
2022-03-29,0.19134976454500616,0.030478107441183733,0.039302385371053496,0.029734556815092447
2022-03-30,0.0483033266883103,0.028337114013578652,0.03642273126406132,0.028887834621825616
2022-03-31,0.05276507161858732,0.03272463641915391,0.03709238284023472,0.027894190479715406
2022-04-01,0.04056526688400827,0.02769685805238107,0.02670291866216817,0.02690149278654875
2022-04-04,0.042507704238893204,0.02814629720531113,0.03204016607667475,0.025848959390579653
2022-04-05,0.04230679346515806,0.02996346125035118,0.03663932954739276,0.024768289741574967
2022-04-06,0.1107547582370603,0.028469158886894743,0.04520472898922768,0.024651908682043328
2022-04-07,0.04172924732615792,0.026802831432259394,0.031989357267246825,0.025422084200798053
2022-04-08,0.05370737524252567,0.02618855553393301,0.03011200694860854,0.025208459230205545
2022-04-11,0.03997214978218309,0.033814390524712815,0.035568131673092564,0.024284304078920706
2022-04-12,0.0380294247178838,0.026262147826481078,0.030009960091745964,0.024909039040750605
2022-04-13,0.037038982464454855,0.02827245808517406,0.03351803871173214,0.026078325953197097
2022-04-14,0.0382332461353932,0.028922999524476595,0.035434186099091894,0.026194627099583215
2022-04-15,0.03600331179055205,0.025559152866565293,0.03076650285504616,0.025622204213440625
2022-04-18,0.03556708055630158,0.02509820370321332,0.02687008487705474,0.02486743441301198
2022-04-19,0.036743888212613686,0.03229979934840876,0.03567645471922085,0.024398404547948598
2022-04-20,0.0672116945945082,0.025058285870608567,0.0295902741787529,0.023787825013800945
2022-04-21,0.040877005931985066,0.030918658625664043,0.03432666707699922,0.023610381908627746
2022-04-22,0.10543436780885684,0.08160370290534402,0.049132122946385554,0.02427900944339159
2022-04-25,0.08527392641450049,0.02750205388200382,0.03435659270408864,0.02560796211796776
2022-04-26,0.04509779303856983,0.07112638488042741,0.07138714558897644,0.02537433750892734
2022-04-27,0.039643963881549386,0.028477188783873383,0.041854618988747955,0.024747879375256035
2022-04-28,0.046309407154479,0.04753497783890439,0.04436836766195581,0.025345070841077472
2022-04-29,0.040568690732174284,0.12311871370917767,0.057555401787507426,0.025111099267353856
2022-05-02,0.07036935044060116,0.032391569248120915,0.048393492355576294,0.02405345151771141
2022-05-03,0.041840469700412226,0.03160477959191335,0.04239163598747808,0.0230792942227828
2022-05-04,0.043667805191594654,0.05693513569490526,0.04551992149451502,0.0221755218409069
2022-05-05,0.04102455586702127,0.0825085365661429,0.0725244072862782,0.021343355601637658
2022-05-06,0.06960333439981158,0.03498138267235509,0.053296615264819616,0.02074037274989721
2022-05-09,0.17029629915775527,0.05960042137057802,0.057593142340358595,0.031697657363819576
2022-05-10,0.0449753473072354,0.03566140700721301,0.05227585194218525,0.024181478462931633
2022-05-11,0.11021136696435617,0.037966812560001104,0.05014642946722469,0.023341944946719075
2022-05-12,0.046302273840066965,0.03475417495687758,0.04588706788401477,0.02400627812685046
2022-05-13,0.09591320295688777,0.04263043472966168,0.05130551184822662,0.02926082456662356
2022-05-16,0.043056728981483244,0.03470598240704213,0.045344200264256666,0.026884712474102585
2022-05-17,0.05434502575464476,0.03930268650912524,0.04429929752117054,0.025810913291607774
2022-05-18,0.05124860263709763,0.10268340186470654,0.0663027781520672,0.024987256670327945
2022-05-19,0.05592315350844364,0.03734450347936535,0.05118244665647455,0.025777829724929688
2022-05-20,0.04186188251569061,0.036269199476588694,0.04354317370611749,0.02593035750529953
2022-05-23,0.051783183386716725,0.03932774915397045,0.03886417510540078,0.025618820130873424
2022-05-24,0.05912691917850821,0.036094942818117585,0.03954775129331125,0.025110857403290904
2022-05-25,0.04267055573554878,0.035743646023017106,0.03705965208083687,0.024421715368157973
2022-05-26,0.038228768441107175,0.03937412252287532,0.040562677267923286,0.023462248730575105
2022-05-27,0.43472181721063835,0.04366554198907582,0.04666653022726827,0.02268363785759646
2022-05-30,0.052097928966337526,0.03510250220520283,0.04992119531983985,0.025481520730063878
2022-05-31,0.05152865885716276,0.03474654652604863,0.042994556303734735,0.024322103332295765
2022-06-01,0.043515193867436394,0.034318816990721014,0.03794052617621885,0.023476751978692086
2022-06-02,0.04432526982797173,0.03772286530324636,0.041908942164504526,0.022730358447878588
2022-06-03,0.03913104990265978,0.036741333046479245,0.03927516277051693,0.02246430737422266
2022-06-06,0.03769576422393371,0.033323391654734504,0.04292387437768141,0.022251227706828587
2022-06-07,0.039225760725789614,0.03358531279724435,0.0383179037758812,0.021552103400732964
2022-06-08,0.03787346696060084,0.033539826769837584,0.028057554562469375,0.021185247975047512
2022-06-09,0.06525155050460056,0.043313607199534504,0.04880341798170786,0.020845250944262407
2022-06-10,0.39101660049967757,0.05381607095193254,0.05399678426593986,0.02140657872442106
2022-06-13,0.12490035701254779,0.09232635506123141,0.06586681928005185,0.04524232264645242
2022-06-14,0.04642844166239299,0.03670230329031251,0.050784310285752754,0.026813834986752168
2022-06-15,0.05689196757925585,0.03787605418584727,0.04618293982812288,0.026558039191848445
2022-06-16,0.14313178635329393,0.058264617999230564,0.055399965515160424,0.025919396776168592
2022-06-17,0.04452416495841453,0.037059653959767895,0.049066235568965035,0.025985926384880006
2022-06-20,0.045612967269018284,0.03623191690757924,0.04267262729342703,0.025871564600470603
2022-06-21,0.04289455523655999,0.04358038333282019,0.04129593645248482,0.026161049022783874
2022-06-22,0.0432951374121082,0.035988198014803435,0.037242501006400634,0.0259615023567727
2022-06-23,0.04250716656719355,0.03606810827407599,0.034474959623459506,0.024896297034206972
2022-06-24,0.15660416112098716,0.0524231038560935,0.049352657799136626,0.024290858943620493
2022-06-27,0.04156163493920579,0.03599391342629842,0.038032297813504895,0.024498098987356665
2022-06-28,0.03979810057493184,0.04028989030229706,0.04417248678697555,0.02427497940085951
2022-06-29,0.044309005772562006,0.035338156689769515,0.03753091082990614,0.023688643143574935
2022-06-30,0.061776875134028866,0.03534919118588006,0.03388205861737172,0.023986936704113195
2022-07-01,0.03873695669485254,0.035197991167447616,0.030938673910946703,0.024950018293084415
2022-07-04,0.03762442170068895,0.03360423693844094,0.02738851676498827,0.024881009079715175
2022-07-05,0.1658897789940761,0.032942512873639355,0.030384574310841118,0.02440397914468194
2022-07-06,0.06553171008073884,0.03239185423664886,0.026150023442914262,0.024236526814108636
2022-07-07,0.0674962366220691,0.034698101498761694,0.03871875050759841,0.024485947883658293
2022-07-08,0.041914870539204924,0.03155197330201554,0.02812457190899157,0.024180881912562888
2022-07-11,0.04501349540983737,0.03272057811390931,0.03749883584313535,0.02356425485428195
2022-07-12,0.039744867109198084,0.03176481125837796,0.03001168572862466,0.024523236558291334
2022-07-13,0.043536668660876604,0.0305047310724974,0.026686736840780507,0.02432813044283318
2022-07-14,0.06108801673235808,0.02982921213740692,0.02357977887832044,0.02354858020542279
2022-07-15,0.09995211439838199,0.0366358711952527,0.031426667663429816,0.02285172858812195
2022-07-18,0.04556756925711339,0.030546865293816117,0.02543507001114417,0.02209574177141589
2022-07-19,0.07940257915134284,0.05353300584169665,0.07386381536630328,0.02140042719050401
2022-07-20,0.04029227118602596,0.030992981835842422,0.03478953481429643,0.032055630717386104
2022-07-21,0.039381915172546064,0.03136347682710675,0.03274320678903543,0.02477844339365179
2022-07-22,0.037886055315792845,0.03093301184387222,0.03368372637393632,0.02386334859223908
2022-07-25,0.03732490019522174,0.02937302639665906,0.03010005163431552,0.0231336872177675
2022-07-26,0.040783367809706324,0.03095678703709275,0.03238080300187104,0.0224855920167987
2022-07-27,0.04200048251070582,0.05019647274100536,0.0848472326613005,0.021653669614841418
2022-07-28,0.04796250353658533,0.03202505696489104,0.04110479228035287,0.02092535212058169
2022-07-29,0.056377362702262214,0.032854033939122056,0.038238465193839506,0.020255517768482695
2022-08-01,0.03724550454232519,0.02969128508136409,0.042485610637915165,0.01976289476613618
2022-08-02,0.03912516095337445,0.0296615916610211,0.03685921920446796,0.02058739413731311
2022-08-03,0.04964423423586131,0.033122788482063244,0.041084705256085444,0.020426518142955437
2022-08-04,0.038861984361628764,0.02871877496529565,0.03136445901762155,0.020039218671153214
2022-08-05,0.04040879861688417,0.028197137008074885,0.03429227093614855,0.019898682967150076
2022-08-08,0.04118921291942593,0.027654840612767313,0.030362089464949532,0.019585232496592664
2022-08-09,0.04567034758679839,0.027404591506756806,0.02512898526716545,0.019351239986821894
2022-08-10,0.04213982180995742,0.040561893691000786,0.06487738021838839,0.01923471211926844
2022-08-11,0.03650212772633943,0.02749366482638986,0.0313705401116193,0.01883299397635403
2022-08-12,0.03762056152111018,0.034100338391441026,0.04243457591026639,0.03914501914534329
2022-08-15,0.036307916260429576,0.027575458490399298,0.03711295637371427,0.023156159846067413
2022-08-16,0.03643344751761065,0.026918140264877294,0.032756030567278424,0.02272731620428768
2022-08-17,0.05024728109234412,0.027316078424891435,0.02648687363484159,0.02239922097813464
2022-08-18,0.03801761746424595,0.026140745504405302,0.023618047378394822,0.022379906207739282
2022-08-19,0.048774132881900634,0.029509139247256396,0.036636047728248446,0.021906582386575092
2022-08-22,0.07896727796976179,0.04321923202270102,0.04201334859927584,0.021164654051760316
2022-08-23,0.03793421139716904,0.026728378428797925,0.031207032078481724,0.02113146303613002
2022-08-24,0.03789987983964192,0.02630402784736631,0.0273823198442069,0.020951624172238052
2022-08-25,0.03658233928784601,0.030404309415928466,0.029723425280790607,0.02044463171711062
2022-08-26,0.07963304839146064,0.14728069593384158,0.11908684008825554,0.020022199942460475
2022-08-29,0.043154570609804085,0.029642686729923706,0.040437705278191204,0.038021743648116904
2022-08-30,0.037514198016983025,0.030392450938664623,0.03588633841755514,0.02437047821681928
2022-08-31,0.04883493075252956,0.02912106586340303,0.031897593304631176,0.023882503638916246
2022-09-01,0.06474730362239735,0.0279405856183464,0.028015914168702857,0.02389209788266304
2022-09-02,0.1196161393127226,0.02940451313688728,0.027627727333486438,0.02364525817497202
2022-09-05,0.05586347412237106,0.02713918912905436,0.02461513105453868,0.02270103055186938
2022-09-06,0.04027703742436301,0.02691041352655503,0.023011586791765952,0.021833047694577352
2022-09-07,0.038661417087058475,0.035459760093385743,0.0398734717758039,0.021195705013229867
2022-09-08,0.03815593776931589,0.027459527023688764,0.026559733372222307,0.02646318874459888
2022-09-09,0.059921597129557906,0.03175641068648548,0.034998769069180445,0.023646053521274562
2022-09-12,0.08431231183398163,0.028689774172558077,0.02947128580822253,0.023245237492419413
2022-09-13,0.05945794218599511,0.5055464937140566,0.3843072510335112,0.022846641912950078
2022-09-14,0.0408039981978587,0.03359467840725729,0.05129204102419012,0.03420549897430724
2022-09-15,0.041378665127798364,0.03241352562522082,0.042371630095446894,0.026225200331359944
2022-09-16,0.04707790798750381,0.031031913262034635,0.03774382630328543,0.025404344501138466
2022-09-19,0.03761998467920509,0.030518750208891526,0.033375952329628845,0.024797669688207236
2022-09-20,0.04268996437301917,0.031380677842151,0.030211486530578854,0.023806567689059505
2022-09-21,0.03999122146100167,0.03487554884225004,0.03194862556313137,0.02358119008403678
2022-09-22,0.07284082028095783,0.030455502974081984,0.030379221952338237,0.0233605130855954
2022-09-23,0.10059018822988655,0.03492189923638516,0.032129485360063346,0.022583267696422944
2022-09-26,0.03991890237202375,0.03092495806479948,0.02865557978463308,0.031947268508500805
2022-09-27,0.039318018200449,0.02909691254201363,0.02541389430430075,0.025673599071934096
2022-09-28,0.03775070083278466,0.037136714677157935,0.03483311447197718,0.02538527448777005
2022-09-29,0.06313873751307443,0.03980944268433634,0.0475603608760346,0.02527048981832641
2022-09-30,0.047406526797870135,0.03351501203856776,0.03518899528693406,0.025858566965660662
2022-10-03,0.0407853140086581,0.04771301408016517,0.03704953135259738,0.025893810702170894
2022-10-04,0.9743242082193849,0.05948745112519961,0.04754487795438538,0.0323689809414201
2022-10-05,0.0795423371530875,0.032440203263084964,0.038821288417966365,0.028985756261278636
2022-10-06,0.04343882155661138,0.033027396668192176,0.03375556621532778,0.027815933764054238
2022-10-07,0.05901481524433656,0.052608191013788844,0.06983803721368713,0.026850099900580585
2022-10-10,0.042284939325452464,0.03329789518270788,0.041002425265521274,0.02586784302409837
2022-10-11,0.04077807313434461,0.03261430683669049,0.036458917046980004,0.029879853232266135
2022-10-12,0.03886408844432496,0.031716425857064544,0.03208887332464465,0.02786298044670182
2022-10-13,0.04300068650802659,0.04646859254045185,0.03560171249080601,0.026668878148569854
2022-10-14,0.03925553545412205,0.043086249818711495,0.04685227569378255,0.0362033004397194
2022-10-17,0.06579510244362144,0.04631956484470273,0.04773699446081011,0.03036980321072835
2022-10-18,0.04027482360962244,0.03502712608774744,0.04180939683935947,0.029788172048086727
2022-10-19,0.037410717738759446,0.03368183932540593,0.04542611034745673,0.029104646990982933
2022-10-20,0.03898519628930021,0.03334383905979631,0.032350787681614854,0.02796408025693018
2022-10-21,0.037566090732838196,0.04233521332108887,0.03641410876952408,0.027056232356274298
2022-10-24,0.054955231893893786,0.034424240178275355,0.0317703649259097,0.025947134409962238
2022-10-25,0.060356316341094944,0.03596339355796113,0.03583663832842062,0.025119362298691435
2022-10-26,0.03927202216913239,0.03302009569284547,0.04398842614821732,0.02456764427703686
2022-10-27,0.036827762572105134,0.032307205097685525,0.04229910094487971,0.023758132938469026
2022-10-28,0.03656284339453574,0.04383590395039064,0.052510314142748565,0.023068822365064766
2022-10-31,0.03586604758616042,0.03278941572537098,0.03589334482574939,0.02397388019540236
2022-11-01,0.0418437858807015,0.031827193850151834,0.039888729667246985,0.02371826964125943
2022-11-02,0.040194619984096375,0.04579384806384353,0.0714600939435197,0.022813652847317217
2022-11-03,0.040218406830552215,0.033377085577071385,0.048571733739568176,0.021932197119483052
2022-11-04,0.16838935871105173,0.03407220984593386,0.036122135135973905,0.02271559486770329
2022-11-07,0.04130935815769849,0.0325718679844761,0.03256368626783694,0.02287816744886108
2022-11-08,0.04198414506008915,0.03141355180238401,0.03580966119501253,0.023051078333023993
2022-11-09,0.03795097963126603,0.0391603715517069,0.05061059221470274,0.022789978706201024
2022-11-10,0.2829634027491503,0.5728293634810266,0.8405040897469006,0.022357873823813223
2022-11-11,0.04492869064246617,0.040835782878367505,0.08940294566342688,0.03748833839789093
2022-11-14,0.04080830421414899,0.03700128538150179,0.06699373707702065,0.026765957015141208
2022-11-15,0.04136133390153539,0.036382137038271256,0.05845818687215715,0.026018037594382128
2022-11-16,0.042027403060055174,0.03575911075529189,0.052490672975277035,0.024897601225567917
2022-11-17,0.03742674661196757,0.03462852974140027,0.04642493620868035,0.023890092916612177
2022-11-18,0.047191332684929,0.03406848883109146,0.03238567334424918,0.022979975016401772
2022-11-21,0.03780574456068235,0.033360001433144965,0.036586382606550054,0.022096488467753694
2022-11-22,0.03808505051197422,0.03481755181723534,0.0359022143241045,0.021398268049706605
2022-11-23,0.03710358522834434,0.03271886663824671,0.033755289907431825,0.02079415892161773
2022-11-24,0.03665781608607333,0.03177040346689299,0.030212036834028018,0.020434162941081486
2022-11-25,0.035362079397194206,0.031135198333956067,0.027583797467401652,0.02014090223606043
2022-11-28,0.03847002643851723,0.03431281714559489,0.03579313223359417,0.01959935287296284
2022-11-29,0.03511954569339621,0.03056325345788623,0.029197273013503656,0.01915348415806524
2022-11-30,0.039342702032432786,0.06368986306220158,0.5058086501962559,0.018697075361913985
2022-12-01,0.036796797778392724,0.03171945982451499,0.05558561802173311,0.018603024027956046
2022-12-02,0.03514765962525009,0.03106737974549882,0.04257543063745464,0.020544321130987822
2022-12-05,0.036886661920091234,0.03609802710790947,0.04258372974703964,0.01993204788428094
2022-12-06,0.03616794950160038,0.033810398041980765,0.035254716798606,0.01931514976510401
2022-12-07,0.0362997376728429,0.0306366519772977,0.03159703256220525,0.018968097524117145
2022-12-08,0.03471319404108175,0.030741823212653292,0.02918380308748262,0.01869065808070482
2022-12-09,0.03675187426251181,0.030303245168605098,0.026718675238668943,0.019055844108893237
2022-12-12,0.03669132716112513,0.03254112081015902,0.026724610890048173,0.018893067141899447
2022-12-13,0.06472632938269951,0.029856122053049623,0.025566577591175716,0.018422817718609773
2022-12-14,0.03667830882084155,0.029218362430922268,0.023998250926617833,0.01822728799523993
2022-12-15,0.643555977145105,0.04913684134538742,0.11461036343810399,0.01800623442293057
2022-12-16,0.058157452055965266,0.03134279829571299,0.034384348116058144,0.022631101319625327
2022-12-19,0.040450937569182506,0.030392561669419907,0.03243273462917032,0.020528607549670782
2022-12-20,0.039224432256108,0.028872501343768394,0.029017000669234905,0.02996683982581548
2022-12-21,0.06616363606057057,0.03239615830604067,0.029317929094476974,0.0239808413897494
2022-12-22,0.04922578770748793,0.03229857666595303,0.035662611252201014,0.0232536333264969
2022-12-23,0.03867200802404163,0.02892078712038449,0.029373302684648973,0.022766423767028553
2022-12-26,0.03756066543488484,0.027972710858507513,0.025743392652178954,0.02242690083700849
2022-12-27,0.037857401857593335,0.02769686446120851,0.026978528660446463,0.021764795459173744
2022-12-28,0.03890718848629491,0.02981366095300307,0.027243403687344132,0.02102812802412095
2022-12-29,0.04480662537110052,0.034260296422091364,0.04446468963048403,0.020708244607747183
2022-12-30,0.055202004374676455,0.027392723526946872,0.030243080761268006,0.02034981885002809
2023-01-02,0.036938213603307714,0.026798029516683693,0.02641665477505455,0.019667032193953188
2023-01-03,0.11046089465499148,0.02657454637054434,0.024349000777468995,0.019042122821007153
2023-01-04,0.09747960381454117,0.026929903089810088,0.022846681367274174,0.020004373739298746
2023-01-05,0.04100864761897504,0.028608346717235878,0.027287789977018334,0.019717513428034614
2023-01-06,0.05338828769241008,0.04636340269074174,0.047532521418636675,0.019300651629064487
2023-01-09,0.04892543230570882,0.026680840129841694,0.029775538663937548,0.018865157671662913
2023-01-10,0.03905491004760451,0.027040849007071144,0.03415298526836468,0.018587520111645432
2023-01-11,0.0447007228040008,0.0294917754253088,0.037930145059272294,0.0188687108313301
2023-01-12,0.04006837318029452,0.02608369810504201,0.03330093974764075,0.01867735748384969
2023-01-13,0.03905260728079474,0.025736717021841733,0.030617654282637213,0.019155020497052196
2023-01-16,0.03661781363737271,0.025040162798583728,0.027489600734900022,0.019637874348290507
2023-01-17,0.03708492072903865,0.024674990159429644,0.024822784482271373,0.020194519697588398
2023-01-18,0.035628696705279086,0.03196287894944646,0.030364385097436882,0.02987479226464922
2023-01-19,0.0814783755806709,0.025842612351227374,0.028081625803530564,0.024312903296940608
2023-01-20,0.03963154788029416,0.037516007283586894,0.08333647496552661,0.02408292482904211
2023-01-23,0.04028364285662935,0.028354152767008475,0.04241868779492122,0.02380908833782422
2023-01-24,0.03634896975801114,0.025094345305835594,0.03733776998395676,0.02418462108509536
2023-01-25,0.03591269620736709,0.02463946259078937,0.03273148826914104,0.02391821801847213
2023-01-26,0.03815480796159209,0.02718857481428775,0.03765292851281521,0.023006468101480285
2023-01-27,0.0354135235085288,0.024317248861072695,0.0332660577673201,0.022116089446724538
2023-01-30,0.03658483203709267,0.02869925628807826,0.04113435434088544,0.02130105758451338
2023-01-31,0.035057599860423255,0.030411906366895128,0.03854054236485109,0.02060381545551305
2023-02-01,0.035025481282926874,0.02689108974914345,0.04156228711664185,0.01997174265411808
2023-02-02,0.06548108077315018,0.030521495907789405,0.06179237991444258,0.01933776469768713
2023-02-03,0.037160779294979136,0.027066290452006078,0.047251061416314744,0.018820121641008086
2023-02-06,0.04843381418847222,0.02523420728990368,0.04296010048775448,0.018538258386349045
2023-02-07,0.03625468117986479,0.02859699754673453,0.034481623712971955,0.018207182051115278
2023-02-08,0.03570659108687346,0.027369941440260417,0.033762397360677675,0.01774557349137919
2023-02-09,0.04261626045404898,0.02607338678946652,0.038661282468880204,0.017333093900017638
2023-02-10,0.04833295923050812,0.024214126022926205,0.03482998874683391,0.01696576439273872
2023-02-13,0.043971905158694244,0.027192493422190624,0.0354964092653142,0.017121921172457873
2023-02-14,0.03624609083339061,0.02376135441755439,0.02582639763121397,0.01720671606525295
2023-02-15,0.04277104354594164,0.023519179900557654,0.030440450119090717,0.017041161420273305
2023-02-16,0.03694694157000499,0.029440629624685077,0.0386879766484299,0.016993709335717665
2023-02-17,0.037415877402368625,0.023462374021011603,0.03166440487088071,0.01705092609843437
2023-02-20,0.0354302197936055,0.02292491404727888,0.022829827297419433,0.01684912911956095
2023-02-21,0.036762763766103296,0.045761134749924284,0.0740724118419853,0.016502231916219273
2023-02-22,0.035210450877566836,0.023708617336096027,0.035203838928876144,0.01805813649872319
2023-02-23,0.03571664575644692,0.023899121235232045,0.02569164009167182,0.01754007160243192
2023-02-24,0.07986714536653476,0.02613993175929435,0.02991205396835411,0.018398404613542987
2023-02-27,0.06134140560047287,0.023195796636111748,0.02572171322536737,0.0181395265176638
2023-02-28,0.03775815533379209,0.022848673078390717,0.02299011896382031,0.01765677581931527
2023-03-01,0.038494280205873234,0.0228558327489264,0.026796679819983817,0.01724300351371386
2023-03-02,0.038528836563588104,0.02361503159642972,0.02106371468990466,0.016868952734209283
2023-03-03,0.049129201050758874,0.03355027242995039,0.03935041403136676,0.019366533813656567
2023-03-06,0.03767676341625856,0.022514298604653045,0.030202154251801623,0.0189574428017903
2023-03-07,0.040609143495505595,0.03213210674716007,0.03151103631061876,0.018802311547821995
2023-03-08,0.03624828542343964,0.02271385565103616,0.022681284568087583,0.01837784907324495
2023-03-09,0.03555434694521755,0.04029413278922232,0.039491662460564486,0.018150836115337795
2023-03-10,0.051059510819524825,0.030427512783249913,0.03868494190098867,0.020803327347770514
2023-03-13,0.35510741236318355,0.023615622362203464,0.02738434792888892,0.020266502252182364
2023-03-14,0.07802811549313737,0.033325543623125155,0.03509794076183865,0.025849642804595188
2023-03-15,0.2518042626651905,0.024850595271112177,0.027924527225062196,0.022882655986107874
2023-03-16,0.06932218577061391,0.03529870009551726,0.04085052917049009,0.022192971484882012
2023-03-17,0.05125010557747567,0.02724089464497049,0.030374942305983095,0.022162852235061058
2023-03-20,0.05134478782942943,0.02596472767325969,0.033407421190835875,0.022696701044224464
2023-03-21,0.05402952293236721,0.028627468986770696,0.02885927771150268,0.02245376728090728
2023-03-22,0.0416845926927653,0.03340945436538086,0.02975842298589771,0.02388853043194623
2023-03-23,0.040094770154119386,0.024817232852106026,0.027473206964722358,0.023320746394126984
2023-03-24,0.06593126996840862,0.024901625850663217,0.030604993250873642,0.022414938208815318
2023-03-27,0.04302988876882621,0.023978573844613327,0.022453782995803046,0.021602782417610863
2023-03-28,0.03849377275838009,0.02357303127074128,0.020749080645861052,0.02087496697667528
2023-03-29,0.05501306805963087,0.029787969968755684,0.03439616821841617,0.02101461910278409
2023-03-30,0.04910855035793916,0.024193500430961003,0.024208787936579684,0.020837649520434112
2023-03-31,0.04072320123608108,0.030056630195923747,0.03749375903832104,0.0205125337359636
2023-04-03,0.037344903248266434,0.02380652517382109,0.03050167029757128,0.020253477239930293
2023-04-04,0.03664636775197983,0.023950334740639904,0.027825985840142887,0.019746098668573214
2023-04-05,0.0370383097379297,0.023029956791259232,0.028983194579363755,0.021428582546450806
2023-04-06,0.0361165386438488,0.022835802196358584,0.027341056748975613,0.021430778018567395
2023-04-07,0.03535479974308878,0.022207246151094723,0.02476759571378984,0.0211822612364537
2023-04-10,0.035064016837424376,0.021871796635485045,0.022642491213275717,0.020500166480710055
2023-04-11,0.03705144092191263,0.021501757414262378,0.021840487285324593,0.020355717568865506
2023-04-12,0.03484798845870553,0.021644810992590184,0.02442968546472819,0.020191239695607863
2023-04-13,0.038076585376037274,0.028444658295644066,0.0601074859957932,0.019692359355597475
2023-04-14,0.03772906672015434,0.021403685175521592,0.02956616759646932,0.019840560695855772
2023-04-17,0.03688446108246423,0.02127832079015783,0.026640163808955755,0.01964304646866852
2023-04-18,0.03750028319590529,0.020714713032549396,0.024142678359406065,0.019120875097737446
2023-04-19,0.0348833581693915,0.020384091870267976,0.022161843059375658,0.018673195727352546
2023-04-20,0.034971876191750455,0.021274217647658872,0.024030104912328976,0.018163481776311215
2023-04-21,0.03673471959564333,0.019966837848692517,0.021570340074445804,0.017731871947201147
2023-04-24,0.03480577022220601,0.019678931964580565,0.020603479135506194,0.01733396855759697
2023-04-25,0.03673780911795154,0.03755027592307347,0.08905542098046723,0.01692588505496252
2023-04-26,0.03824394098156022,0.02069078910328755,0.029195085356339454,0.016844370796553893
2023-04-27,0.0351590446915393,0.05315017956394518,0.04898719855719904,0.016689425420951223
2023-04-28,0.03464073169961439,0.023413297936366626,0.03518654783805246,0.018347961149006633
2023-05-01,0.03450792706248627,0.021201145617184416,0.03118500810702389,0.018219790418588188
2023-05-02,0.057751207988073164,0.026244503537222602,0.030734574730358635,0.018037582780023483
2023-05-03,0.0365129069453762,0.022616122819733894,0.02796887809450275,0.017562840267066265
2023-05-04,0.037356385183521496,0.02262334079791258,0.020941266465873173,0.01712442001726427
2023-05-05,0.048447741397177044,0.04295320273623379,0.05190657894399965,0.016726730198867126
2023-05-08,0.036071492937716824,0.02189384977807439,0.025968433520595288,0.016670109736825138
2023-05-09,0.0378665012710095,0.02210085301249043,0.02931318003847341,0.017226767542497374
2023-05-10,0.03630670528966277,0.021830765033535524,0.023814622414770642,0.017187278347330342
2023-05-11,0.03515734989237614,0.02110051587232347,0.02136352529316734,0.01686493106917112
2023-05-12,0.035133431995649854,0.020780801707435705,0.01967628496757048,0.017008025027109797
2023-05-15,0.03473196948121959,0.020666965345175085,0.019429640333987166,0.017264570907572416
2023-05-16,0.03458000431946839,0.02152104885433034,0.017897437478031894,0.01738701920564332
2023-05-17,0.03469182011142635,0.026386920889944487,0.025453588113913524,0.017574890265319224
2023-05-18,0.034395710642532544,0.0236565115932081,0.027778737239212443,0.01995307554602027
2023-05-19,0.06611075072597096,0.020461351522993932,0.022196000654707528,0.019329694541433018
2023-05-22,0.03623118093756152,0.020104584620675044,0.02550997587708867,0.019346687968636322
2023-05-23,0.043045407264174176,0.025597586438787862,0.030622849091589816,0.019134168499420796
2023-05-24,0.07237949964764047,0.021985958772290336,0.026606630392599303,0.019012002050073237
2023-05-25,0.03734100076340246,0.022902544580451906,0.031461319477353186,0.018813480820306247
2023-05-26,0.05852196220784267,0.02831304206980402,0.03677484385390167,0.018389627836928685
2023-05-29,0.03728767280688179,0.020479575955335318,0.034152455479900284,0.01852645023448115
2023-05-30,0.04470903808644461,0.020170069058415827,0.03024505846494395,0.01838824477076049
2023-05-31,0.06477564237687139,0.021171100117377082,0.022608998227639537,0.019459045202061015
2023-06-01,0.04326179762087842,0.02377249002429266,0.025066455540218326,0.019411717546486004
2023-06-02,0.05630639798459134,0.03169504291568916,0.024193097188616036,0.019861269923626714
2023-06-05,0.0407825725980368,0.020614486920806942,0.02678979348213384,0.02543863891491417
2023-06-06,0.03722843554187829,0.020369719688957233,0.02460163063358324,0.022714509374542863
2023-06-07,0.03655668042956039,0.02039678642269264,0.0252117816830624,0.023976296354224345
2023-06-08,0.036093835083593005,0.021050402597525723,0.0231103239782029,0.02379844716668202
2023-06-09,0.035783449916307115,0.019633936820891623,0.020681934413559262,0.025049690866018555
2023-06-12,0.037991956722346176,0.023041790697323192,0.03532292308171225,0.024734279573152305
2023-06-13,0.03896454386492587,0.021241252275934597,0.023258311829671526,0.02510192190383727
2023-06-14,0.0382972925704083,0.01940410296301681,0.026375237477975818,0.02548459785903708
2023-06-15,0.03563774102436954,0.0270420119828578,0.029065152799142235,0.02512003470360137
2023-06-16,0.038380248847317555,0.019973949945717655,0.026622775980811926,0.024163855183737648
2023-06-19,0.03914208612552127,0.01930173615275596,0.024189465473043747,0.023643357713842312
2023-06-20,0.036509904098396606,0.0198609187684418,0.022290951149019706,0.023095436376920034
2023-06-21,0.03657812623157357,0.01993340084185688,0.03022192638209267,0.02227841427820075
2023-06-22,0.03619678950932118,0.019262183317994605,0.02189913017873486,0.02186329378015713
2023-06-23,0.039316688584753116,0.021186903517068326,0.022591006271597325,0.02237626995003901
2023-06-26,0.03531112039360167,0.0193880713857,0.02400048081687276,0.022162080305745208
2023-06-27,0.03723549175340168,0.02592274334786901,0.029319978719595092,0.021432727348670348
2023-06-28,0.04147166851934841,0.018843335310481015,0.023769557805452937,0.02389546609982006
2023-06-29,0.03551299967587206,0.019353331086326475,0.026333442953464865,0.02285038474632763
2023-06-30,0.0433169780462323,0.02760536018717251,0.033336070618920924,0.02197572824223645
2023-07-03,0.035343501703643934,0.018952842034978115,0.026979442049093683,0.022738143839358835
2023-07-04,0.03522106115093784,0.018653231164175832,0.024382784552503478,0.022718500583920876
2023-07-05,0.04160643556596613,0.018551603642320228,0.0224629193688288,0.02224786220830317
2023-07-06,0.29727296831030436,0.021199971007669148,0.019616799393815047,0.02301973266296708
2023-07-07,0.04260471171406501,0.018585543194504357,0.01761338070369511,0.023156475330113377
2023-07-10,0.03956494752289169,0.01830015178944785,0.016581850291588447,0.022866793793538225
2023-07-11,0.040547586678799014,0.019985062114179573,0.017034453001831044,0.02214514256234998
2023-07-12,0.06310635276029714,0.02051939759179899,0.023635732576978676,0.021531858428279836
2023-07-13,0.041004104721572655,0.021566533976198586,0.03711574284018741,0.02208107302100474
2023-07-14,0.03751662722152158,0.018110258532625635,0.027147736693640224,0.02185212143972669
2023-07-17,0.04347431547837509,0.018466454346586506,0.027409372249840254,0.021049222516072136
2023-07-18,0.03712559761807956,0.020163867989373797,0.026444161117027257,0.020340790866338155
2023-07-19,0.0362453794658818,0.017972990323904734,0.023995321596264923,0.020453925449975235
2023-07-20,0.036083084891900964,0.019819607834965253,0.06497544687217588,0.020949993207872428
2023-07-21,0.03643215913612064,0.0175908353523745,0.024552759568309643,0.02082709725158658
2023-07-24,0.0353783672160334,0.018104158952419385,0.021916524740183532,0.020930849424983702
2023-07-25,0.03515579122626121,0.0176078482698979,0.02565067823271109,0.02069589195829053
2023-07-26,0.043651884666143226,0.017103732280123084,0.023453215510908117,0.01998629163244901
2023-07-27,0.1207412071839294,0.01913416534223167,0.022889624976571682,0.01951693546296343
2023-07-28,0.03923003999939417,0.023447124773395302,0.056758209911065095,0.019168376855595165
2023-07-31,0.037124392402748556,0.01737291135073843,0.028577670599556862,0.019586942241934423
2023-08-01,0.03640133410303666,0.017411190147141393,0.02612570891059354,0.019750760402807654
2023-08-02,0.2957389666757983,0.03656958045144298,0.06156800685706072,0.027839021407539813
2023-08-03,0.04581723973842311,0.018042656401198606,0.025839176622014515,0.024007488191955438
2023-08-04,0.041429925559362146,0.018875327361316727,0.023087719933847922,0.02376267889177819
2023-08-07,0.03829453431666997,0.02210108322839144,0.026730485826539193,0.0228194569840691
2023-08-08,0.04610042575394191,0.018497154482672234,0.021292914014164322,0.021992870080140815
2023-08-09,0.039999339732181255,0.020078863659689833,0.023784103139564413,0.021329012875116307
2023-08-10,0.05658618845796533,0.017651870294640912,0.020557602540811876,0.020941273987075407
2023-08-11,0.053367553914251104,0.017484725105008397,0.024859747943145813,0.02050006308465232
2023-08-14,0.03801831442356446,0.018850212459172337,0.02752353364747257,0.020634293762492213
2023-08-15,0.04329105600125901,0.027292898117123834,0.023547438678683103,0.020526310848895064
2023-08-16,0.03688684116307253,0.020610113655876356,0.02407512450548133,0.021201529959974187
2023-08-17,0.05054178386880577,0.02079656836634974,0.024617160975572254,0.021010539753093235
2023-08-18,0.03747594563237865,0.017883326877036285,0.02180891352643059,0.02046757589653576
2023-08-21,0.036671229426933495,0.019946184403097134,0.028424181590542077,0.019960099676842816
2023-08-22,0.04079167175925735,0.018011460942469037,0.022494066572971046,0.019737631618200226
2023-08-23,0.03590337048441646,0.02552714148346649,0.028765466045354265,0.01952465689277479
2023-08-24,0.04023259327246045,0.032124925277235435,0.03234016560437536,0.01934650902305434
2023-08-25,0.03552780978423592,0.020487487425081857,0.02725470296426473,0.024426361911795653
2023-08-28,0.05164594951755606,0.02017970836514566,0.02547519232250178,0.023226292595384807
2023-08-29,0.04000318622833893,0.03388907573954568,0.03739029233035515,0.022932299779889455
2023-08-30,0.03626370809764177,0.01975625034747659,0.03170310373137483,0.022083694189771533
2023-08-31,0.036678395401541025,0.019127398579315107,0.028302113937057033,0.021570442924034858
2023-09-01,0.03603009965739432,0.018906543373735922,0.020526116374122782,0.021130512104124366
2023-09-04,0.0350791810031293,0.018555793353556307,0.01869080479326995,0.020588908920575823
2023-09-05,0.035268621246391824,0.01901385046967512,0.021413790251660823,0.020127251736963586
2023-09-06,0.03872653652396096,0.02038490311305946,0.027436615809925444,0.019648212462864387
2023-09-07,0.03604680012052113,0.018583065770588856,0.02093349225094404,0.019429877895299232
2023-09-08,0.03581999269054158,0.01807532812053716,0.01872023017579775,0.019785266344446776
2023-09-11,0.035874284547780966,0.019907526432956575,0.022959035903763476,0.019650293316304537
2023-09-12,0.035230061916613035,0.019265001200521725,0.02790776655081996,0.019518907087893826
2023-09-13,0.036008545613694314,0.017803467016216754,0.024837613232969798,0.01926796782753583
2023-09-14,0.05127260973472791,0.021366346350258216,0.02047757532754076,0.01999389358267336
2023-09-15,0.03636246690886393,0.0284197538311052,0.030039524649366236,0.02027028802150082
2023-09-18,0.04627813342880613,0.0182460068322339,0.02722542517834113,0.020021557942896007
2023-09-19,0.03576534796891714,0.01817610824564299,0.019956788415492532,0.019687059914849182
2023-09-20,0.03982467206576766,0.02277375496799665,0.02953806800358465,0.019537480644931132
2023-09-21,0.05659459051835149,0.046414015785368024,0.03214691257722453,0.020267218285646517
2023-09-22,0.036481446947681,0.019301037075328934,0.025075855533753452,0.02012611710309861
2023-09-25,0.04250489232324863,0.019459303420864223,0.02264581119766276,0.01987959918351089
2023-09-26,0.04210925673860205,0.035097220753643285,0.028643969474096087,0.020124806032463794
2023-09-27,0.036014341545378,0.01946550571357364,0.02314829899530968,0.01990459881680198
2023-09-28,0.03924787249968525,0.020476343422966253,0.022358629215351783,0.020920326654334683
2023-09-29,0.03617597649812776,0.019334335422690113,0.020250748694765338,0.020545184437893965
2023-10-02,0.04129982801313728,0.018851563567011616,0.019828974650333665,0.019878914467010924
2023-10-03,0.043599364385561286,0.031817371376380604,0.040482936779498456,0.021335442646570328
2023-10-04,0.03578832387966098,0.02192406769250892,0.027056215025472924,0.026592771668677767
2023-10-05,0.035339476947760816,0.01933380068652385,0.0239333348277548,0.025005199341712383
2023-10-06,0.04472448956596764,0.026404897717263866,0.02859028601487091,0.02477820173456559
2023-10-09,0.0398301848073196,0.020853345514320054,0.02390455828080463,0.023772401539546115
2023-10-10,0.10784448861905034,0.02026836813998665,0.022109669857746702,0.027362820716303873
2023-10-11,0.03816833288007529,0.019806366245803893,0.021297763606319454,0.02563743216840167
2023-10-12,0.037015404239942054,0.020508176199525743,0.02040501970533592,0.025727574006608852
2023-10-13,0.05549941174325171,0.01985354858851895,0.024335253532062312,0.025552542345952153
2023-10-16,0.03772812470725973,0.024451239181722578,0.030145889769686424,0.02642386854226036
2023-10-17,0.03644760443996439,0.01903230234216049,0.02142192011742894,0.026444969409584726
2023-10-18,0.045741563029472354,0.030532758389792577,0.037467307000443595,0.0258216988868435
2023-10-19,0.037124446635792126,0.022357445204589536,0.024576815466370885,0.02616302090253261
2023-10-20,0.061167737618444344,0.028012615133213337,0.028156268980779737,0.025983701221734545
2023-10-23,0.03798610536454889,0.019948411505284758,0.023998327019491776,0.025142864044812
2023-10-24,0.03852118080390936,0.021549598072459507,0.0233635377177092,0.024373481434645964
2023-10-25,0.03623674322025527,0.032176716128596634,0.0519677301253655,0.02350109718423279
2023-10-26,0.03798239927046912,0.026519743395506473,0.03244920375320955,0.02572431000049179
2023-10-27,0.04107593906435367,0.02119375409074267,0.02888108475645177,0.025305182307304094
2023-10-30,0.036366353060884156,0.026562113986797167,0.02740867785839332,0.025040425385705636
2023-10-31,0.04017611681762412,0.021907798806392084,0.02488241179022649,0.02441347110278784
2023-11-01,0.039484635576480326,0.024724694564582955,0.02899776806116386,0.027372227791950834
2023-11-02,0.07725398090214486,0.045817673552899396,0.030768103689136045,0.026345616778128536
2023-11-03,0.03724314498816122,0.02444562087013396,0.03595822624212562,0.02565291345216482
2023-11-06,0.03731147236961013,0.02175762911134891,0.0322413139105052,0.027595911182545393
2023-11-07,0.036047182077722145,0.02156214354470207,0.03037996473961839,0.02722658213167617
2023-11-08,0.03806037064877392,0.021072211388890708,0.02208503035546049,0.026678693027982182
2023-11-09,0.04759597696894503,0.022935372140357232,0.022357867665225267,0.02615029857243549
2023-11-10,0.0399293312657695,0.03354977972942404,0.048400250233758886,0.025773866032928062
2023-11-13,0.040708471479032816,0.021367957097717067,0.031303341444049594,0.024689000083922455
2023-11-14,0.0528422351252285,0.045130625109569035,0.052458989907417625,0.023689330202526174
2023-11-15,0.03848142960735222,0.02216586411884148,0.034929887844846505,0.028205976286415097
2023-11-16,0.036693218978099205,0.02177903132505382,0.030683840372670364,0.025819667314556663
2023-11-17,0.041468007133161885,0.02144583429381991,0.02731242182916074,0.024790291269685943
2023-11-20,0.0357876457380164,0.022762879352183407,0.029129380400562427,0.023936871824711024
2023-11-21,0.03577880092151977,0.021082623576861546,0.026575008923680143,0.02311805424183378
2023-11-22,0.03662700418446115,0.021150108454998984,0.024828105819798187,0.022238793974513258
2023-11-23,0.03532302240104975,0.02042029738233815,0.022748487341109902,0.021440645837819978
2023-11-24,0.035247732114287895,0.020126467053453112,0.02113648993446111,0.020754682182094183
2023-11-27,0.035868608144579144,0.019943106555989982,0.019900764335143595,0.020256781705991697
2023-11-28,0.03479817336195058,0.01958530298314937,0.019409573890105454,0.01971493290749643
2023-11-29,0.03650156631956463,0.019312021983576663,0.01873003683332625,0.019117510840132183
2023-11-30,0.03511670476712481,0.01952987982498558,0.0184191604194453,0.018672878242692363
2023-12-01,0.03984450299285901,0.020172686885525613,0.0199905181556891,0.018259545831755108
2023-12-04,0.03485992116746386,0.019885467322193706,0.023674510704526773,0.01793853766441612
2023-12-05,0.04041844327534923,0.018637605861604956,0.020909561791750887,0.01912384564677033
2023-12-06,0.03840060927338553,0.018979204215853546,0.021560665577451576,0.02390645465247885
2023-12-07,0.035322779598763454,0.021200880742682445,0.034961335051918827,0.023170112964421008
2023-12-08,0.045115647573030125,0.01895858009883107,0.02488869120929499,0.024017894633072367
2023-12-11,0.03631174569447736,0.018760572167672285,0.022922766016240603,0.024520365265438677
2023-12-12,0.03517881828806066,0.018873803014668403,0.023470779872562013,0.02423262262622325
2023-12-13,0.03503602789041798,0.032255090751552036,0.03338368271334943,0.02326558784967364
2023-12-14,0.034996853815261686,0.018817840568037862,0.025221315585576977,0.022529565107475984
2023-12-15,0.03496159700486642,0.01834347146974024,0.023435376125948662,0.022135128060168416
2023-12-18,0.037460861552668014,0.01894860788507485,0.023238788132026966,0.02174329375498794
2023-12-19,0.035353998036696026,0.01949147732227842,0.023319882248993395,0.02200451265119835
2023-12-20,0.03458011865027832,0.03710451518089552,0.03763167924211505,0.022527143412114724
2023-12-21,0.03473887791954238,0.024052024062723786,0.031078775620687605,0.023401188761811097
2023-12-22,0.03443653749377749,0.01910569773941352,0.027232199896129253,0.02316519509593981
2023-12-25,0.034327757596004496,0.018763093406833495,0.0245808706347856,0.022275214146702083
2023-12-26,0.03427203142613274,0.019202670804454657,0.02361130948369773,0.021471917791914888
2023-12-27,0.03439860566891842,0.01843347417358698,0.02186100845910334,0.021216200883140687
2023-12-28,0.034916814644306855,0.018135599823288877,0.020428005576709554,0.020976244910004313
2023-12-29,0.034428699482213845,0.018226434242717453,0.021089028092752655,0.020339384396647085
2024-01-01,0.020776586948404223,0.014557191157571613,0.02265326072279139,0.017645601022166724
2024-01-02,0.02075788291922237,0.015623910215529644,0.06556160022049949,0.017084217323430295
2024-01-03,0.0399158584542292,0.01721012301111462,0.035004387929081816,0.016571315655233596
2024-01-04,0.023126577471847612,0.014869390283284226,0.031639103527444666,0.01621340051484019
2024-01-05,0.02178621521638828,0.014446749793153133,0.02868981603655913,0.015919681973382893
2024-01-08,0.022405222617670074,0.029392626859919363,0.07817030381019469,0.015542068803138723
2024-01-09,0.02201785820210172,0.014915515789812296,0.03621712438772488,0.016030212431046246
2024-01-10,0.02123381075956435,0.015832073665967745,0.0336123023737268,0.021460090336154335
2024-01-11,0.022713680490700796,0.014629817798181847,0.030318947897315873,0.020139549338444133
2024-01-12,0.0245333526140242,0.014457194124819883,0.02747734613020906,0.02054281523160667
2024-01-15,0.022692217254416516,0.014268355121162885,0.025274902403429035,0.02054849545624867
2024-01-16,0.021403883706281428,0.014628155790963472,0.023785706873711728,0.020216311654580956
2024-01-17,0.02590159034852705,0.01531289469538169,0.024773520839178727,0.019719844259934935
2024-01-18,0.02779116043691604,0.017836804225613845,0.039797539272699405,0.019051484633166405
2024-01-19,0.02170266156993694,0.023848592733519938,0.04457096486699921,0.01922673752673746
2024-01-22,0.02362206091268818,0.01480318007359838,0.03317853669776016,0.020226805231713916
2024-01-23,0.021870569031966318,0.01477488724155357,0.03034059474671899,0.019988574663116727
2024-01-24,0.06398990045600819,0.014365842594843574,0.02806197318060213,0.01942191342191998
2024-01-25,0.023453309478258477,0.015258350284013232,0.02591668775789495,0.01895637790143699
2024-01-26,0.028220319967302773,0.01414917659339751,0.024734592023501124,0.019074784808556018
2024-01-29,0.022418568464328877,0.01658843212189523,0.03268686988162761,0.019053653960842756
2024-01-30,0.022997058900661817,0.014081843315115916,0.028901565298677115,0.018604305270325586
2024-01-31,0.022168799201270017,0.04290458749472453,0.085827308206756,0.018085765196044785
2024-02-01,0.02175727711306489,0.023393885377911983,0.040535507335070324,0.017839506013824613
2024-02-02,0.02188142085236577,0.020200289125288845,0.04381216178874381,0.017536813786457134
2024-02-05,0.02127501636143612,0.01583956859731186,0.03819188792638291,0.01715674352740057
2024-02-06,0.023828114231755716,0.015525859026648811,0.03375825102606488,0.01686123032283675
2024-02-07,0.021522313856257597,0.01773773683364448,0.033113053648700284,0.016489691236690914
2024-02-08,0.023239357601436205,0.015262239312893925,0.029937261171802287,0.0219897617403563
2024-02-09,0.0212511370976868,0.01617931666123526,0.034841575658578684,0.01856952103183901
2024-02-12,0.022969128780204243,0.01501906739353781,0.029788283652638567,0.0179331367870012
2024-02-13,0.02901460796521493,0.026844801574364214,0.05055837776660293,0.041465540532682935
2024-02-14,0.022304430700015393,0.01898403533351653,0.03821459986267043,0.021994843145627604
2024-02-15,0.02369381405385711,0.0165954908003037,0.03410245201912374,0.021638011612891486
2024-02-16,0.022370549148027323,0.016163715054229266,0.03262738754512303,0.021409420481069797
2024-02-19,0.02134910065592042,0.015324023140095074,0.029469537941181415,0.020816297961107837
2024-02-20,0.021203651651132756,0.01636861334078583,0.030658961423356293,0.020015357511162554
2024-02-21,0.021504338219925992,0.01511922261494596,0.02777084065358429,0.019308131301712952
2024-02-22,0.03996052314568693,0.07812593736822557,0.26622735906632594,0.02255474091087198
2024-02-23,0.02243693096591317,0.016414956203760718,0.04348671368127008,0.020902950463874276
2024-02-26,0.0217784048624604,0.01651187499007296,0.03732378114334063,0.020103750984801844
2024-02-27,0.022260346996389818,0.016021120195106105,0.03336055789006205,0.019388292741803995
2024-02-28,0.021354207836947827,0.015806846013567497,0.03088068584921161,0.01868375708995944
2024-02-29,0.02126035528770473,0.016372439252299892,0.03125853374047741,0.018041137462339124
2024-03-01,0.02161476601678151,0.01769992301370855,0.033600225701106434,0.020344862821756498
2024-03-04,0.021630770305850356,0.015501568722668987,0.029938324378193205,0.01934941376971642
2024-03-05,0.021728794044249114,0.019722540102890672,0.04474833679267762,0.018745623381838807
2024-03-06,0.021921706200673092,0.016292736624006165,0.03337597315695559,0.018092256118091156
2024-03-07,0.02868790944755527,0.019740280282990786,0.039302241355436536,0.01819086640088041
2024-03-08,0.0217248565342469,0.016963660971212106,0.0367039418246125,0.018019949151501635
2024-03-11,0.022974024910695504,0.01555174275965344,0.03316320743769722,0.023339382028215883
2024-03-12,0.026932930432540976,0.020880773367522226,0.03980576796442031,0.020111178153298992
2024-03-13,0.022040109510029663,0.015695707879576862,0.03367917161532684,0.019364757869091875
2024-03-14,0.021475483411406943,0.015637570463790117,0.03056145020448535,0.018711458002067895
2024-03-15,0.021318282593718152,0.016678821834903008,0.03164658444349228,0.018114539323030424
2024-03-18,0.021135080107296318,0.01655120297184099,0.030734521144538698,0.03176653122708968
2024-03-19,0.0221500260374303,0.01621474217206322,0.028361712423074906,0.021464298510017
2024-03-20,0.02113666050649948,0.01823858135316414,0.034917686971630044,0.02075754730107571
2024-03-21,0.026492509253119495,0.015517321355017473,0.02896416069237852,0.022142684546932592
2024-03-22,0.02204039539614762,0.015096219570261618,0.026545585252571276,0.021590776697827413
2024-03-25,0.02148994533219542,0.015156021004288598,0.02491879615850548,0.02110266855347825
2024-03-26,0.021789364182981334,0.014963662504689237,0.024320680858439792,0.020720125307283982
2024-03-27,0.02159017960264348,0.017795010843837004,0.024418352978012474,0.02013164808800097
2024-03-28,0.021032275958816352,0.014725939443063805,0.022901900172973416,0.020481209201347703
2024-03-29,0.02095041147997214,0.014508806821637747,0.021834846182229164,0.020327255652496
2024-04-01,0.02089137736147816,0.014475352209572318,0.021137449903109694,0.020376750742247034
2024-04-02,0.024124792555099736,0.016479684896112554,0.03004885798777268,0.020155950032829967
2024-04-03,0.022353579129221285,0.014290111460188774,0.024095136336057282,0.019680591112515196
2024-04-04,0.021077132015202546,0.024427284801272597,0.043482846969343125,0.019482385703157624
2024-04-05,0.027518681699604343,0.020967587920804883,0.03502824990108564,0.021533721623471374
2024-04-08,0.023054567049048194,0.014915588662560555,0.030129676555416852,0.020980787105230513
2024-04-09,0.02738073647580749,0.014788669501938674,0.027714152197260356,0.020770728688598156
2024-04-10,0.02177141785069527,0.01877312001919338,0.029039349445713642,0.020412996785394467
2024-04-11,0.02346788641910362,0.016913519814068405,0.04669881923342129,0.019747886145331656
2024-04-12,0.021636944277002423,0.02977552659644895,0.04171093222654239,0.019074221709170714
2024-04-15,0.02280471524091992,0.02232094036000939,0.04460655351214586,0.01858209997815034
2024-04-16,0.031744559462125364,0.015925989180621488,0.0379732966907616,0.021049529210581862
2024-04-17,0.021797468087876814,0.016659921985563965,0.0370739083424385,0.020615919969805732
2024-04-18,0.022379304662509,0.015661590574575623,0.03380160965298309,0.02037501671660771
2024-04-19,0.021988815338396694,0.01828384042742972,0.05351788867747769,0.028350037970619548
2024-04-22,0.021901850522732542,0.01824406089821368,0.03969004807612995,0.023271278161056355
2024-04-23,0.033307222837932624,0.021956045773888332,0.041910559977093115,0.022626842828299538
2024-04-24,0.022349626522803864,0.015842026883126383,0.03682473841816305,0.024815231176431925
2024-04-25,0.02652394514620824,0.016252179340828357,0.033685161313109155,0.02543393437449138
2024-04-26,0.03147604227762884,0.01965224101325563,0.051337236825277556,0.025331645948417775
2024-04-29,0.023174571538745133,0.01596407830678485,0.03696226374486538,0.024402419088609004
2024-04-30,0.028909240408961735,0.031849864259689185,0.04993824119683038,0.023635949839687254
2024-05-01,0.022111412218376387,0.016548730225485496,0.03863180096030022,0.023129483386577776
2024-05-02,0.02338838035870901,0.01885121011151887,0.04045291583836206,0.022179333239095548
2024-05-03,0.023329918278544005,0.022643284464481786,0.04713789839386876,0.02125807789476057
2024-05-06,0.023813496951321938,0.020028560908112922,0.041842909207420745,0.020403653409422597
2024-05-07,0.028594128812062497,0.01662177599662338,0.03742328210409773,0.020590856481023892
2024-05-08,0.022614551133540273,0.016338602212364592,0.033188993354357835,0.021405636941534596
2024-05-09,0.02163944859594126,0.016833761374723206,0.029971173329726444,0.021216574569640476
2024-05-10,0.025430173220060016,0.01604222890639879,0.027249673400820785,0.02044843604007827
2024-05-13,0.021616822264740897,0.01575649184850902,0.025479183061534252,0.01972773908328225
2024-05-14,0.02136299986838848,0.016253450174193187,0.027056280658402893,0.01905889088123758
2024-05-15,0.021909290183083643,0.021604904033504384,0.03939092031473421,0.01846817574492968
2024-05-16,0.02253208704575524,0.01585418652314845,0.029232361541159664,0.018755663641581547
2024-05-17,0.02126875122871539,0.015569194124211906,0.02668012520716667,0.018590410899671034
2024-05-20,0.021056960178688564,0.015350772740686015,0.026840551285043052,0.01817131745111944
2024-05-21,0.02147624728468664,0.015319674002377312,0.02486883623159779,0.017800163676354026
2024-05-22,0.021784504961881727,0.015189773620494555,0.023483661976131543,0.01754365286832291
2024-05-23,0.021224502888118807,0.016934618082510632,0.02320902254754835,0.018009291746140056
2024-05-24,0.020927730522274653,0.016676587942543876,0.03297790490587936,0.0184061386740098
2024-05-27,0.021870900656391568,0.014847846809316431,0.0255680431130125,0.018332837844129504
2024-05-28,0.02240590542951295,0.01466284905921764,0.02569508608568796,0.017887397120906357
2024-05-29,0.03155751492208969,0.01674189588793819,0.02566726951170105,0.01752904196428965
2024-05-30,0.02216145573975905,0.015904585560649973,0.03210652918740305,0.018078550430087072
2024-05-31,0.02140031642697194,0.017236439392268363,0.026491836863329524,0.018409573139222778
2024-06-03,0.021909922921852152,0.014646674584833734,0.026097112380706902,0.018672711403800998
2024-06-04,0.026211511697146746,0.014508662145325774,0.024287384881483756,0.018445087383735622
2024-06-05,0.03860330958312191,0.0226267086132239,0.08776155173353706,0.01812729699310094
2024-06-06,0.02394432933460235,0.014692136948667193,0.03282343227761565,0.017915092812139093
2024-06-07,0.022449741230727804,0.0145487560471362,0.029549672165219365,0.017456241126787543
2024-06-10,0.02374264954908441,0.014571000757453163,0.027368791668979597,0.017255865529390717
2024-06-11,0.026604005701979457,0.014461681970352514,0.029249499264570156,0.017039189657985614
2024-06-12,0.03186878088378535,0.017520963242782444,0.041438670087851744,0.016727137399832136
2024-06-13,0.0483513269254389,0.014415476594188126,0.03110796512945817,0.016477692513378286
2024-06-14,0.04500036436603054,0.014083865396353,0.02820156305603909,0.01610931292448
2024-06-17,0.026255966765738492,0.016657831108074703,0.030369133278382088,0.019930443380734617
2024-06-18,0.025071940481350915,0.014258952515937302,0.026892895104483613,0.018207051108996126
2024-06-19,0.024226822099119198,0.013894414354039847,0.02482563518822886,0.01795220598890583
2024-06-20,0.02970028696918425,0.0139895999750282,0.02724422398671102,0.017395495677693034
2024-06-21,0.02524394349955771,0.013718439450138882,0.024551905635254546,0.016869874043843526
2024-06-24,0.025586363340172277,0.013878914724783621,0.032344822706387666,0.01649027291297088
2024-06-25,0.022623918935152573,0.014060184686904826,0.03508279459830652,0.01657246837097836
2024-06-26,0.022598297679353112,0.01343658060433816,0.02976393918553242,0.01727795682031979
2024-06-27,0.02201718726491638,0.01324896452526114,0.02747517028321792,0.017363112611639406
2024-06-28,0.02163947711659494,0.01385886135533577,0.02776345152955483,0.01721073946206125
2024-07-01,0.023739288707813225,0.01336409914934187,0.028784578611966823,0.016842551231105687
2024-07-02,0.022362028685275016,0.014962075556345834,0.029230896011443987,0.016989079329061404
2024-07-03,0.028902090259912902,0.01428021197033006,0.029956611163016816,0.01764864078050487
2024-07-04,0.022446954458781837,0.013036484134501345,0.02685101281452352,0.017716118870937887
2024-07-05,0.02161055674526975,0.014411263916567635,0.029317270509316696,0.017398151729595312
2024-07-08,0.02147990659348563,0.01298989509843242,0.02628653468467549,0.016893417708069524
2024-07-09,0.03134118259467488,0.012856510356246709,0.024476423702388603,0.02068904279986226
2024-07-10,0.027730503808577823,0.020738589945410245,0.034447170548381305,0.018738721607506205
2024-07-11,0.022373735796508778,0.017885446927381837,0.059877855429188644,0.01853258735764899
2024-07-12,0.03097257600910182,0.014773000525992702,0.03551965089219366,0.02657937117097485
2024-07-15,0.028744229596361977,0.013708792712975879,0.03222315938732271,0.02140906108918984
2024-07-16,0.024227125179364623,0.015291216786272072,0.029194760010625632,0.02055093901175175
2024-07-17,0.028070667970949495,0.03312347359544432,0.1758629415656517,0.019814841606227693
2024-07-18,0.022900069604777317,0.01693974158175462,0.04297562264541519,0.02462402762452013
2024-07-19,0.02527409680360365,0.016420277137116766,0.03881138138996007,0.02189449736328834
2024-07-22,0.03290890216711744,0.020599134518433863,0.04146484154420941,0.021367077398716985
2024-07-23,0.02290350715001803,0.01467126302746012,0.03622446520702564,0.020965070957055455
2024-07-24,0.027781718510125182,0.1580455981387311,0.2266630067670989,0.020499291615721418
2024-07-25,0.026941413471367012,0.01737709079949707,0.053558930061345815,0.04606041682898085
2024-07-26,0.027090715831911135,0.02073261248539234,0.047414621530825096,0.025414468460382984
2024-07-29,0.02623972572484419,0.016452709137819457,0.04190856829043954,0.02561874907485215
2024-07-30,0.02325963215346107,0.01688658941898807,0.04032151456554798,0.02544900583478263
2024-07-31,0.02369157418686307,0.029658339371214544,0.06179740358751588,0.024754874577937663
2024-08-01,0.021793799363064692,0.02449762189675542,0.05363582981160443,0.02677605910766927
2024-08-02,0.7971508559525383,0.03633565308313468,0.05609240695099263,0.2804404467880687
2024-08-05,0.06897453243328547,0.1651626041913752,0.0706046203835272,0.8037771509433949
2024-08-06,0.027141944464685937,0.022747635187593467,0.059295239499693744,0.10453167737249357
2024-08-07,0.040961539152129745,0.021347305619327364,0.052569875613972084,0.08433536084734128
2024-08-08,0.02572168195699171,0.04115801027360591,0.06018456713017444,0.07961687436194557
2024-08-09,0.024714066039634715,0.021465193589788344,0.05186610821595897,0.07509041236508951
2024-08-12,0.02385410080954511,0.020804097409613625,0.045025908490413484,0.07080341013998333
2024-08-13,0.023998299096151036,0.027451025262612457,0.05394882706247433,0.06701547572303657
2024-08-14,0.024504508246695714,0.02103446782825877,0.044567117500677766,0.06504070874796078
2024-08-15,0.03769947060595914,0.02662023595546627,0.05251983940458896,0.06139422209741301
2024-08-16,0.024637331019948513,0.020854342714586763,0.0437676481708494,0.05847182265382467
2024-08-19,0.02409506984583568,0.0221281437241493,0.042025979522865804,0.05751701646773957
2024-08-20,0.02258863852500678,0.02038405705993742,0.037750238147378115,0.054972095811806704
2024-08-21,0.02325071130572215,0.0202731254958549,0.03422144976527385,0.05250706349162559
2024-08-22,0.021783016229540347,0.02124651535732361,0.04268103255447464,0.04960009796883083
2024-08-23,0.022551003858857933,0.022409070866964743,0.04027595442035496,0.046947809816881195
2024-08-26,0.02169538725670422,0.01977044900030045,0.03707232916751279,0.044412584666413096
2024-08-27,0.021289617963062682,0.01933394989849772,0.033287559630903844,0.042097437369452435
2024-08-28,0.021506409260042204,0.019671209481296626,0.034418476824873694,0.039870639448928276
2024-08-29,0.027070205495817387,0.01875811201189382,0.03063197339289893,0.03774233996220399
2024-08-30,0.021517881392401912,0.020881951105315,0.03330953324018554,0.03578095085263905
2024-09-02,0.021629909516591737,0.01845326005983187,0.02910528943725521,0.0340631262431712
2024-09-03,0.029260165966453856,0.04376551859807583,0.41363009289347263,0.03230863766252548
2024-09-04,0.030745727739851365,0.019291389338875062,0.048880305119650413,0.040925605336438534
2024-09-05,0.023883071837840535,0.019081271481354495,0.040671057767559915,0.036090660211415465
2024-09-06,0.03689039376608621,0.02965128688755088,0.061655538936648484,0.03454620870772557
2024-09-09,0.025379788767683986,0.022277708314764097,0.04584337671040786,0.0329270025461095
2024-09-10,0.023977716470270416,0.019634386292405517,0.04180322891045126,0.031315552465104673
2024-09-11,0.022512052537291934,0.021569972448124454,0.04996628870402357,0.030035081615882815
2024-09-12,0.02692010371429862,0.020143556322863215,0.0430372139255694,0.032890060961770336
2024-09-13,0.023479914019274652,0.019427232629625257,0.03899863996410646,0.032301674014838626
2024-09-16,0.022220530594708368,0.018661008155063354,0.0352502477895929,0.030800724007727504
2024-09-17,0.023574856270294976,0.018329334685666176,0.03165912056739735,0.029388785109924643
2024-09-18,0.022684160357896804,0.018204033186690047,0.028876893626065193,0.028314912046046116
2024-09-19,0.06540218085411492,0.029516889109555546,0.11254346459917919,0.027942254217851417
2024-09-20,0.03301150999315014,0.018454818609080166,0.03918372083643593,0.028089540275356397
2024-09-23,0.023333355127174323,0.01824839973930844,0.034538758771144415,0.027436240443905986
2024-09-24,0.027894981888814337,0.017953668883231383,0.03170718818973869,0.02617427570749537
2024-09-25,0.023404314179144844,0.017633338319965733,0.02872238840865104,0.02507530083524076
2024-09-26,0.06652100998850485,0.017672440254560932,0.027766192341003165,0.027654634313468807
2024-09-27,0.02535093427284056,0.017118745803724706,0.026169862356499308,0.02783135837205519
2024-09-30,0.030576350317911474,0.01727339082235008,0.025027188182447476,0.06958839350430221
2024-10-01,0.026350021861266167,0.019373820603143327,0.048051928264491145,0.03602891446349305
2024-10-02,0.02294732082982711,0.0166999953447468,0.029672433269882142,0.035571541665452684
2024-10-03,0.025269217940751862,0.016522292517768364,0.026966715733926696,0.03531360583743067
2024-10-04,0.02406251340999769,0.01883085247636314,0.03453290095668023,0.03447244718461364
2024-10-07,0.02237729542041552,0.019403316664480193,0.03426710938739755,0.03304640379250937
2024-10-08,0.022461586781910195,0.019456485764056803,0.03826300568014548,0.032335003416860485
2024-10-09,0.023538151872249218,0.017917331253342935,0.033174068762848306,0.031072438704750807
2024-10-10,0.021781772165932113,0.016516804477314878,0.029918467683047123,0.02975453871619349
2024-10-11,0.02335915240835469,0.017236835543958082,0.027581169569157977,0.028346292931348778
2024-10-14,0.02380701593525412,0.017940350842946387,0.029262045691832175,0.02708244837994621
2024-10-15,0.047367844231627626,0.017909861856859235,0.031369206576479396,0.02588696843374427
2024-10-16,0.02485441347969099,0.01667489927183124,0.027786642645947934,0.02568511592123296
2024-10-17,0.024704798052764414,0.01591398127831858,0.02554860223963721,0.02550408383801288
2024-10-18,0.024618925795940418,0.016150590848970303,0.02602260173653332,0.02450538079372239
2024-10-21,0.02552423892307809,0.01563170330500351,0.024330435768832162,0.023420014223146074
2024-10-22,0.021968305733489325,0.01534558063661452,0.023149827462568575,0.022901109456454127
2024-10-23,0.0221348431776971,0.01860803299276224,0.06228043771055902,0.022669926032563136
2024-10-24,0.02176853163595691,0.015415737102873554,0.031717700571793565,0.021945876937676526
2024-10-25,0.021430111286676018,0.015096427410494596,0.029752453870550324,0.021124317716416725
2024-10-28,0.022468479537843894,0.015124351167253398,0.027393720976518345,0.021807679353552878
2024-10-29,0.02186775425555152,0.014823939571013193,0.028322444959641396,0.02168033181108054
2024-10-30,0.030723199656181407,0.014943341925673646,0.027056476162606424,0.021241668265012403
2024-10-31,0.028774866627919123,0.0596169670243569,0.249608859500758,0.02077604539104387
2024-11-01,0.026729368759762725,0.01620107852380882,0.04297172119525625,0.027460962474233592
2024-11-04,0.02308186806562679,0.01575579253955912,0.03750132004927185,0.023318652520811885
2024-11-05,0.022334780740714617,0.02253463812002522,0.039159716386844096,0.022580955390215957
2024-11-06,0.0331003861979107,0.1316089805118956,0.08076844335937175,0.026096337868584854
2024-11-07,0.0271416214951863,0.019218177481416743,0.04890906140860444,0.024643902772608493
2024-11-08,0.02666504872235209,0.017879802755064993,0.04363482626709042,0.023573440627187334
2024-11-11,0.027120162339086103,0.017357473971037752,0.03811502727851678,0.02257922076279993
2024-11-12,0.06352132969579753,0.01726891034704733,0.03367975409917557,0.02165908208012974
2024-11-13,0.023646954182157176,0.016842213874572545,0.030330732267709423,0.021853717251620785
2024-11-14,0.04454923579574199,0.017590709331178827,0.029118151180012455,0.02169046614118425
2024-11-15,0.025835560806350896,0.023776649460951992,0.08315242789791513,0.020909262888937446
2024-11-18,0.02313752256591961,0.017230857266017943,0.037774580097912305,0.020465158601532463
2024-11-19,0.025195580983701657,0.01704852852028734,0.03632210590849416,0.020150239851306567
2024-11-20,0.02315315151174089,0.016459996664782765,0.0326155934781527,0.01949105462316574
2024-11-21,0.02326405666713703,0.01701628724155446,0.02929175522306894,0.01901492762450704
2024-11-22,0.023877569814633293,0.01641758391464383,0.026781550968657794,0.018748237614949273
2024-11-25,0.02196274305918937,0.01615934724172947,0.02509001707023902,0.018967107025640924
2024-11-26,0.024314291231675052,0.016720220516736852,0.025740008331290656,0.019006141487022246
2024-11-27,0.023126385834111845,0.016053683170205044,0.025696907423674382,0.018816063616984128
2024-11-28,0.022707686636641796,0.015469294522873229,0.023746632878201557,0.018494030765877523
2024-11-29,0.025729443576235453,0.016293533003556526,0.027328929700523075,0.018028874317943838
2024-12-02,0.025041584950443382,0.015367651183169266,0.029882713801294886,0.017720358895013444
2024-12-03,0.023439312682885634,0.015016485138921407,0.026550069279060663,0.020385438540571666
2024-12-04,0.02460518349848799,0.016138418193983227,0.03656766961130616,0.019259681067811642
2024-12-05,0.02345261237753493,0.014895940240926015,0.02848664110396587,0.018590917501718617
2024-12-06,0.022704314274606018,0.014820920716808112,0.029105593681428118,0.018190462573642523
2024-12-09,0.021537181380784594,0.015937876202854032,0.027968374409728297,0.017822383058398224
2024-12-10,0.02332952978129762,0.01475475654609746,0.025913498364700294,0.01735389324741483
2024-12-11,0.021404298590889322,0.017271586336406675,0.05768155025354768,0.0169322984827651
2024-12-12,0.021236556424172312,0.015543243954840292,0.03285399745413701,0.017211194051046656
2024-12-13,0.02107720419465734,0.014380323794202203,0.029690954046123957,0.017424084235153427
2024-12-16,0.021768116906650696,0.01474201570654985,0.03470832831608348,0.017193974872197353
2024-12-17,0.021015296412688976,0.01467426763185941,0.029661452026578952,0.016691023761122328
2024-12-18,0.021302870643684253,0.7908885966619505,0.6100016958043475,0.016454143743591262
2024-12-19,0.03797877765102815,0.02269924508524353,0.054524387454109716,0.01639183119773732
2024-12-20,0.02224349104164631,0.020706798407472103,0.04443077018564621,0.016154696708790706
2024-12-23,0.021681449625748576,0.01851057969516503,0.04107173586320119,0.016591888296934778
2024-12-24,0.021353293531074152,0.020878757175614524,0.04058178879528415,0.01647026660803245
2024-12-25,0.021202053693946177,0.01719310224161033,0.03622259190060508,0.016076708069673484
2024-12-26,0.021085283064942437,0.016932174274484266,0.03214961789468133,0.01638988002823442
2024-12-27,0.025419354523046164,0.02090636407449324,0.039452535750026,0.01937854547319706
2024-12-30,0.02286882759408069,0.020613323065751935,0.036569243958351386,0.018430961786598494
2024-12-31,0.021244600271108013,0.0174488732435903,0.034731230037710864,0.018130936429150573
2025-01-02,0.02111564527533382,0.016923632266121976,0.031313575206268686,0.017528313146370586
2025-01-03,0.021027040620597393,0.022573903556043527,0.046143388272412,0.01697697706497733
2025-01-06,0.08209277840869407,0.017655538000471826,0.037792356773076956,0.017957968709561272
2025-01-07,0.023937465963558165,0.020967793507581933,0.04624928061040304,0.020863704483110104
2025-01-08,0.022685439433808893,0.016963393506810167,0.03784978076372806,0.019596601867668165
2025-01-09,0.02271801638076926,0.016658470205300712,0.03343950779464289,0.019184689945637302
2025-01-10,0.024622923724824577,0.02853513159971462,0.04202604291945768,0.01919247653005255
2025-01-13,0.02262097248186961,0.017075070646373147,0.03416229639228823,0.018882572987249054
2025-01-14,0.02274465856634913,0.016794213296511377,0.030746480508762792,0.02046478182988656
2025-01-15,0.026617753033894548,0.03705518045464033,0.08738997734553364,0.019811380594703165
2025-01-16,0.033699995590959965,0.017508742795216893,0.040394060562318396,0.019102199866278653
2025-01-17,0.024859192566822293,0.02005933324417397,0.04138891704833358,0.01849289164844078
2025-01-20,0.022421368109927037,0.0172136074865942,0.036622536791745056,0.01845995225569101
2025-01-21,0.021774645085738304,0.019134426713356852,0.033522202672182276,0.01827666603287367
2025-01-22,0.02413073808713309,0.017920563894166585,0.03615947435287409,0.01911454848483215
2025-01-23,0.02174628809991941,0.017546011049039436,0.03169877250081656,0.01899405710821616
2025-01-24,0.021368968905050374,0.016874219820189308,0.02942918330538139,0.018556371394581783
2025-01-27,0.022769531102073536,0.02645356658828097,0.2731887182578446,0.018225498538823985
2025-01-28,0.021299909081192923,0.01943125978010494,0.05244690866204678,0.018851487200374613
2025-01-29,0.023148827203697417,0.017536349131190246,0.04576359117550173,0.01900139608537875
2025-01-30,0.02590517503362388,0.01752264868022384,0.04012423404001173,0.01870259461674564
2025-01-31,0.021433612419689278,0.01732511537808899,0.035476929658326314,0.018085254110756663
2025-02-03,0.030774590924423275,0.018211732203871213,0.036222224996088265,0.03399140022576915
2025-02-04,0.025254250871447243,0.01796657646135325,0.03783664520647051,0.021636610893016037
2025-02-05,0.021805555665472865,0.0168097589913345,0.03330493932560502,0.020946730125308774
2025-02-06,0.03728001119656615,0.016580719267930075,0.03063310209587954,0.02020964557241268
2025-02-07,0.023561687318732864,0.019197221562276268,0.03704209349891079,0.01972042811197222
2025-02-10,0.023491579366464982,0.0174822877889234,0.033731516402932336,0.0191872271762372
2025-02-11,0.023315091937936818,0.016082536343315718,0.030658445858714713,0.018497747123964084
2025-02-12,0.0219735398351755,0.016058810734101783,0.027815966041840168,0.01791820263813207
2025-02-13,0.04135938793713171,0.01991779574115082,0.041408199267019975,0.018172625511758543
2025-02-14,0.022417205471362722,0.0158517876887706,0.030808711859924582,0.018201974041820435
2025-02-17,0.022854721079353782,0.015630024313647985,0.02793979291999517,0.01783385787700698
2025-02-18,0.021995130176441967,0.015593316122167415,0.025652285716645143,0.017277419885584868
2025-02-19,0.030793751671300593,0.015405721588701005,0.023913326857471075,0.01679859840428311
2025-02-20,0.021943130292159344,0.015673939552786304,0.02392633500299148,0.017226347567927607
2025-02-21,0.021899138360985143,0.04112547443311741,0.154957331496025,0.017071430632531106
2025-02-24,0.02206762270971975,0.01663653200087356,0.039027410336497294,0.016587790380401098
2025-02-25,0.021377382904801664,0.01641629006718311,0.039342493092694567,0.017435845355281452
2025-02-26,0.03390433473331678,0.01563308680691892,0.03503900285801995,0.017165406557736972
2025-02-27,0.026452999863197543,0.03263751971085438,0.09499824262303752,0.016703141839399905
2025-02-28,0.022002349590570385,0.02960046413267156,0.04783507053245639,0.058138427249113084
2025-03-03,0.03225114316812014,0.03440130477905733,0.05807212197859153,0.022351465701760213
2025-03-04,0.11901012922659018,0.022348652036128888,0.0486537466375509,0.022463688425751444
2025-03-05,0.0412885834592913,0.02128091595412115,0.0455476108457836,0.022018184568985397
2025-03-06,0.02541499626905613,0.032112206053546664,0.058096281582427106,0.021261379317823192
2025-03-07,0.026834593935886643,0.019266262660041503,0.04771204309151633,0.023331637982694907
2025-03-10,0.03311714704548982,0.08905455412635699,0.11632366313411985,0.02258651557216572
2025-03-11,0.032170780281152646,0.021372683366249163,0.05945523080344878,0.02177210593170894
2025-03-12,0.026563018027836185,0.0204745014113437,0.05227218943708633,0.021033840759088263
2025-03-13,0.024292334621544783,0.02446987921990064,0.05155546198549681,0.020200246384806567
2025-03-14,0.031883195284107366,0.036085972916829294,0.05692673832440618,0.019571105586985424
2025-03-17,0.02505117343536093,0.02148919596058689,0.05001882330766393,0.019311131460746058
2025-03-18,0.024565206936940344,0.022689162287235127,0.04795223263520746,0.019432170823210033
2025-03-19,0.02294386915921501,0.022661338624945675,0.045812541801900364,0.019190774919939153
2025-03-20,0.026720445085093116,0.020528019882704196,0.04111297382302202,0.018525941460782524
2025-03-21,0.023044455241401432,0.02011470667658455,0.036686301206457814,0.01790202776887231
2025-03-24,0.02192552826409393,0.02881313558784411,0.055694280943639186,0.01734621700826652
2025-03-25,0.027281671565402555,0.020299156113741838,0.040186550686809944,0.016898393815940074
2025-03-26,0.02830501459366751,0.022500658859079956,0.04871754646052911,0.01665520590154751
2025-03-27,0.023283842696099788,0.020092668568011503,0.040421312507938865,0.016488580980006374
2025-03-28,0.025615647161641514,0.03397649769174295,0.06748740000309711,0.01957936963656383
